{
  "convergence_mean": 17.950750150030007,
  "convergence_std": 0.9025227535892965,
  "convergence_3sigma": 20.658318410797897,
  "ss_error_mean_deg": 0.055533751168031456,
  "ss_error_std_deg": 0.8464091492981528
}